Capitalism,Neoliberalism,Privatization,Austerity,War,Sovereign Wealth Fund,Credit Card,Stock Exchange,Capital,Debt Crisis
Revolution,Communism,USSR,Cultural Revolution,Little Red Book,Russian Revolution,Berlin Wall,Iron Curtain,Five-Year Plan,Red Scare
Science,Theory of Relativity,Quantum Mechanics,Atom,Physics,Schrodinger's Cat,Apollo 11,Sputnik,Satellite Network,ARPANET
Total War,World War I,World War II,Vietnam War,ENIAC,Manhattan Project,Aerial Bombing,Chemical Warfare,Trench Warfare,Agent Orange
Hegemony,Superpower,Non-Aligned Movement,Europe,Fall of the USSR,Geopolitics,Soft Power,World,Geography,Military-Industrial Complex
Cold War,NATO,Warsaw Pact,Cuban Missile Crisis,Space Race,Containment,Proxy Wars,Arms Race,Nuclear Deterrence,Nuclear Weapons
Hollywood,Cinema,Citizen Kane,The Jazz Singer,Music,Cultural Imperialism,Speakeasy,Alcohol,Prohibition,Supermarket
Colonialism,Neocolonialism,Jazz,Zionism,Global South,Bandung Conference,USA,Decolonization,Intifada,Resource Nationalism
Industry,Assembly Line,Spanish Flu,Marshall Plan,Logistics,Mass Production,Ford Model T,Automation,Wright Flyer,Technology
Urbanization,Suburbia,Immigration,Contraception,Counterculture,Psychedelics,Society,Urban Sprawl,Public Housing,Labor
Natural Resources,Climate Change,Oil,Energy,OPEC,Silent Spring,Ecology,Chernobyl Disaster,Nuclear Power,Welfare State
Fascism,Nazi Germany,Reichstag Fire,Dictatorship,Totalitarianism,Military Junta,Nationalism,Surveillance,Enigma,Paramilitary
Genocide,Rwandan Genocide,Anti-Communist Purge,Nakba,Refugee,Holodomor,Famine,Holocaust,AIDS Crisis,Universal Healthcare
Consumerism,Email,Stagflation,Inflation,Great Depression,Plastic,Commercial Airline,Personal Computer,Border,New Deal
Agriculture,Pesticide,Land,Green Revolution,Land Reform,Food Security,Fertilizer,Weapons,Espionage,Guerrilla Warfare
State,Democracy,Suffrage,Bureaucracy,Politics,Ideology,Conflict,Military,Structural Adjustment Programs,Treaty of Versailles
Mass Media,Jet Engine,Fireside Chats,Propaganda,Censorship,Newspaper,Planned Obsolescence,World Wide Web,Television,Bioethics
Microprocessor,Japan Atomic Bombings,Transistor,Petrodollar,Sanctions,Offshoring,Trade Union,Public Policy,Diplomacy,Human Rights
DNA,Polio Eradication,Medicine,Biology,Penicillin,Artificial Heart,Genetic Engineering,Nobel Prize,Watergate,Nuremberg Trials
Inequality,Apartheid,Racism,Eugenics,Class Struggle,Second-Wave Feminism,Organization,I Have a Dream,Corruption,Philosophy
Globalization,League of Nations,United Nations,European Union,Bretton Woods,Infrastructure,Rock 'n' Roll,Law,Ku Klux Klan,Radio
Rocketry,ICBM,,Operation Paperclip,News Broadcast,Reality Television,Aerosol,Ozone Hole,China,Great Leap Forward
Politician,Human,Soldier,Diseases,Poverty,Territory,Civil Rights Movement,Korean War,Hindenburg Disaster,Ships
Radio Wave,Ocean,E-commerce,Titanic,Kamikaze,Tiananmen Square,Woodstock,Suez Canal,Container Shipping,Live Aid
